"Carimbo de data/hora","Qual o seu curso?","Qual o período que cursa?","Informe os 7 últimos dígitos do seu RA (109048xxxxxxx) ","Qual o estado do Brasil que você nasceu?"," Qual sua cidade de residência?","Qual o seu gênero?","Qual a sua data de nascimento?","Qual é o seu estado civil?"," Você é portador de alguma deficiência? (Pode selecionar mais de uma, se for o caso)","Quantos filhos você tem?","Com quem você mora atualmente?","Quantas pessoas, incluindo você, moram no seu domicílio?","Qual a situação do domicílio onde mora?","Tempo de moradia neste domicílio.","Qual a faixa de renda mensal da sua família (em Salários Mínimos)?","Quantos de cada um dos itens abaixo há em seu domicílio? [Televisor:]","Quantos de cada um dos itens abaixo há em seu domicílio? [Video cassete e(ou) DVD:]","Quantos de cada um dos itens abaixo há em seu domicílio? [Rádio:]","Quantos de cada um dos itens abaixo há em seu domicílio? [Automóvel: ]","Quantos de cada um dos itens abaixo há em seu domicílio? [Motocicleta:]","Quantos de cada um dos itens abaixo há em seu domicílio? [Máquina de lavar roupa e(ou) Tanquinho:]","Quantos de cada um dos itens abaixo há em seu domicílio? [Geladeira: ]","Quantos de cada um dos itens abaixo há em seu domicílio? [Celular comum: ]","Quantos de cada um dos itens abaixo há em seu domicílio? [Smartphone:]","Quantos de cada um dos itens abaixo há em seu domicílio? [Microcomputador de mesa:]","Quantos de cada um dos itens abaixo há em seu domicílio? [Notebook: ]","No seu domicílio você tem: [Telefone fixo:]","No seu domicílio você tem: [Internet:]","No seu domicílio você tem: [TV por assinatura:]","No seu domicílio você tem: [Empregada mensalista:]","Você trabalha?","Qual o seu vínculo com o emprego?","Qual a área do seu trabalho?","Qual seu horário de trabalho?","Qual a empresa que você está contratado agora?","Você tem plano de saúde privado?","Qual o grau de escolaridade do seu pai?","Qual o grau de escolaridade da sua mãe?"," Na sua vida escolar você estudou...","Com que frequência você utiliza microcomputadores?","Onde você utiliza microcomputadores? [Em casa:]","Onde você utiliza microcomputadores? [No trabalho:]","Onde você utiliza microcomputadores? [Na escola:]","Onde você utiliza microcomputadores? [Em outros lugares:]","Com qual finalidade você utiliza microcomputadores? [Para trabalhos profissionais: ]","Com qual finalidade você utiliza microcomputadores? [Para trabalhos escolares:]","Com qual finalidade você utiliza microcomputadores? [Para entretenimento (músicas, vídeos, redes sociais, etc): ]","Com qual finalidade você utiliza microcomputadores? [Para comunicação por e-mail: ]","Com qual finalidade você utiliza microcomputadores? [Para operações bancárias: ]","Com qual finalidade você utiliza microcomputadores? [Para compras eletrônicas: ]","Como você classifica seu conhecimento em informática?"," Qual o seu conhecimento em relação aos aplicativos a seguir? [Windows:]"," Qual o seu conhecimento em relação aos aplicativos a seguir? [Linux:]"," Qual o seu conhecimento em relação aos aplicativos a seguir? [Editores de textos (Word, Writer, etc.):]"," Qual o seu conhecimento em relação aos aplicativos a seguir? [Planilhas eletrônicas (Excel, Calc, etc.):]"," Qual o seu conhecimento em relação aos aplicativos a seguir? [Apresentadores (Powerpoint, Impress, Prezzi, etc.):]"," Qual o seu conhecimento em relação aos aplicativos a seguir? [Sistemas de Gestão Empresarial:]","Inglês","Espanhol","Outro idiomas","Considere a busca por informação nos seguintes meios de comunicação: [TV]","Considere a busca por informação nos seguintes meios de comunicação: [Internet]","Considere a busca por informação nos seguintes meios de comunicação: [Revistas]","Considere a busca por informação nos seguintes meios de comunicação: [Jornais]","Considere a busca por informação nos seguintes meios de comunicação: [Rádio]","Considere a busca por informação nos seguintes meios de comunicação: [Redes sociais]","Considere a busca por informação nos seguintes meios de comunicação: [Conversas com Amigos]","Se você lê jornal, qual a frequência?","Se você lê jornal, quais os assuntos que mais lê?","Não considerando os livros escolares, quantos livros você lê por ano (em média)?"," Se você lê livros literários, qual o gênero preferido?","Você dedica parte do seu tempo para atividades voluntárias?","Qual religião você professa?","Quais fontes de entretenimento cultural você usa?","Estamos quase acabando... Como conheceu a FATEC Franca?"," Porque você escolheu este curso?","Qual sua maior expectativa quanto ao curso?","Qual sua expectativa após se formar?","Você já estudou nesta escola?"," Você fez algum curso técnico?"," Qual o meio de transporte você usa para vir à escola?","Escreva algumas linhas sobre sua história e seus sonhos de vida"
"2021/08/27 10:47:47 AM GMT-3","Análise e Desenvolvimento de Sistemas (ADS)","Matutino","2111001","São Paulo (SP)","FRANCA","Feminino","1996-11-19","Solteiro(a)","Nenhuma","Nenhum","Com pais e(ou) parentes","3","Próprio","24 anos","Mais que 2 até 5 SM (R$2.200 - R$5.500)","1","0","0","0","2","1","1","0","1","0","1","Sim","Sim","Não","Sim","Sim","Sou registrado no comércio","Trabalho fora da área do curso","Tarde e noite","Magazine Luiza","Não tenho, uso o SUS","Ensino fundamental II (6º ao 9º anos)","Ensino Médio","Sempre em escola pública","Sempre (Likert)","Sim","Sim","Sim","Sim","Sim","Sim","Sim","Sim","Sim","Sim","Muito","Muito","Intermediário","Muito","Intermediário","Muito","Intermediário","Leio e escrevo mas não falo","Praticamente nulo","Praticamente nulo","Pouco","Sempre","Pouco","Pouco","Pouco","Sempre","Muito","Raramente","Todos os assuntos","De 3 até 6","Romance","Sim","Católica","Cinema;Filmes na internet;Literatura;Música;TV;Viagens","Indicação de familiar/amigo","Este curso forma profissionais facilmente absorvidos pelo mercado","Obter competências para exercício de uma profissão","Conquistar vaga em empresa privada","Não","Não fiz","Moto",""
"2021/08/27 10:48:11 AM GMT-3","Análise e Desenvolvimento de Sistemas (ADS)","Matutino","2011047","São Paulo (SP)","FRANCA","Masculino","2001-04-15","Solteiro(a)","Nenhuma","Nenhum","Com pais e(ou) parentes","3","Próprio","14anos","Mais que 2 até 5 SM (R$2.200 - R$5.500)","2","1","1","2","1","2","1","0","3","1","1","Não","Sim","Sim","Não","Não","Não trabalho","Não trabalho","Não trabalho","","Tenho e é um plano individual","Ensino Médio","Ensino Médio","Sempre em escola particular paga pela família","Sempre (Likert)","Sim","Sim","Sim","Sim","Sim","Sim","Sim","Sim","Não","Sim","Intermediário","Intermediário","Pouco","Pouco","Pouco","Pouco","Pouco","Leio, escrevo e falo razoavelmente","Leio mas não escrevo nem falo","Praticamente nulo","Pouco","Pouco","Nunca","Nunca","Nunca","Pouco","Pouco","Não leio","Não leio jormal","Nenhum","Não leio","Sim","Católica","Cinema;Exposições de arte;Filmes na internet;Música;TV","Indicação de familiar/amigo","Este curso forma profissionais facilmente absorvidos pelo mercado","Obter competências para exercício de uma profissão","Conquistar vaga em empresa privada","Não","Sim, no SENAI","Carro",""
"2021/08/27 10:48:47 AM GMT-3","Análise e Desenvolvimento de Sistemas (ADS)","Matutino","2011035","São Paulo (SP)","FRANCA","Masculino","1998-08-23","Solteiro(a)","Nenhuma","Nenhum","Com pais e(ou) parentes","3","Próprio","15","Mais que 2 até 5 SM (R$2.200 - R$5.500)","2","2","0","1","0","1","1","0","4","2","1","Não","Sim","Não","Não","Não","Não trabalho","Não trabalho","Não trabalho","Nenhuma","Não tenho, uso o SUS","Pós-graduação","Ensino Superior","A maior parte em escola pública","Sempre (Likert)","Sim","Sim","Sim","Sim","Sim","Sim","Sim","Sim","Sim","Sim","Muito","Avançado","Pouco","Muito","Muito","Pouco","Pouco","Leio, escrevo e falo razoavelmente","Leio e escrevo mas não falo","Praticamente nulo","Pouco","Sempre","Nunca","Pouco","Nunca","Muito","Pouco","Não leio","Não leio jormal","Até 2","Outros","Não","Nenhuma","Cinema;Filmes na internet;Museus;Música;TV;Viagens","Indicação de familiar/amigo","Minha vocação é seguir esta carreira","Obter competências para exercício de uma profissão","Prestar concurso público","Sim","Sim, em uma ETEC","Carro","Desde novo utilizo computador, criei um servidor de MuOnline no qual já está online a + de 4 anos, e amo essa aréa"
"2021/08/27 10:50:35 AM GMT-3","Análise e Desenvolvimento de Sistemas (ADS)","Matutino","2111014","São Paulo (SP)","FRANCA","Masculino","1993-10-10","Solteiro(a)","Nenhuma","Nenhum","Com pais e(ou) parentes","3","Alugado","2","Mais que 2 até 5 SM (R$2.200 - R$5.500)","1","0","0","1","0","1","1","0","1","1","1","Sim","Sim","Não","Não","Não","Não trabalho","Não trabalho","Não trabalho","Nenhuma","Não tenho, uso o SUS","Prefiro não responder","Prefiro não responder","Sempre em escola pública","Sempre (Likert)","Sim","Não","Não","Não","Sim","Sim","Sim","Sim","Sim","Sim","Pouco","Pouco","Pouco","Pouco","Pouco","Pouco","Nenhum","Leio, escrevo e falo razoavelmente","Praticamente nulo","Praticamente nulo","Às vezes","Sempre","Pouco","Pouco","Pouco","Às vezes","Pouco","Algumas vezes por semana","Todos os assuntos","Mais de 10","Outros","Não","Espírita","Filmes na internet;Literatura;Música;Teatro;TV","Propaganda na escola que estudava","Sugestão ou vontade familiar","Obter novos conhecimentos","Outra expectativa","Não","Não fiz","Caminhando",""
"2021/08/27 10:50:35 AM GMT-3","Análise e Desenvolvimento de Sistemas (ADS)","Matutino","2111037","São Paulo (SP)","FRANCA","Masculino","2003-11-19","Solteiro(a)","Nenhuma","Nenhum","Com pais e(ou) parentes","4","Próprio","17 anos","Até 2 SM (R$2.200)","1","1","2","2","1","2","1","1","4","1","0","Sim","Sim","Não","Não","Não","Não trabalho","Não trabalho","Não trabalho","","Tenho e é um plano individual","Ensino Médio","Ensino Médio","Sempre em escola pública","Sempre (Likert)","Sim","Não","Sim","Não","Não","Sim","Sim","Sim","Sim","Sim","Intermediário","Intermediário","Nenhum","Intermediário","Intermediário","Pouco","Nenhum","Leio mas não escrevo nem falo","Leio e escrevo mas não falo","Praticamente nulo","Pouco","Sempre","Nunca","Nunca","Pouco","Sempre","Às vezes","Não leio","Não leio jormal","Até 2","Ficção","Não","Católica","Cinema;Filmes na internet;Música;Viagens","Pelo Facebook","Este curso forma profissionais facilmente absorvidos pelo mercado","Obter competências para exercício de uma profissão","Conquistar vaga em empresa privada","Não","Não fiz","Ônibus","Desejo me formar na área sendo muito bem capacitado e conseguir um bom emprego para realizar meus sonhos mundo a fora."
"2021/08/27 10:50:36 AM GMT-3","Análise e Desenvolvimento de Sistemas (ADS)","Matutino","2111005","São Paulo (SP)","FRANCA","Masculino","2003-12-02","Solteiro(a)","Nenhuma","Nenhum","Com pais e(ou) parentes","3","Próprio","17","Até 2 SM (R$2.200)","4","1","2","3","0","1","2","0","3","2","2","Sim","Sim","Não","Sim","Sim","Sou estagiário","Trabalho na área do curso","Tarde e noite","DASH e CCBEU","Tenho e é um plano individual","Ensino Superior","Pós-graduação","Sempre em escola pública","Sempre (Likert)","Sim","Sim","Sim","Sim","Sim","Sim","Sim","Sim","Sim","Sim","Avançado","Avançado","Muito","Avançado","Avançado","Avançado","Pouco","Leio, escrevo e falo bem","Leio e escrevo mas não falo","Leio e escrevo mas não falo","Muito","Sempre","Pouco","Muito","Pouco","Às vezes","Pouco","Diariamente","Todos os assuntos","Mais de 10","Ficção","Sim","Nenhuma","Cinema;Filmes na internet;Literatura;Museus;Música","Cartaz de divulgação","Minha vocação é seguir esta carreira","Obter novos conhecimentos","Abrir meu próprio negócio","Não","Sim, em uma ETEC","Caminhando",""
"2021/08/27 10:50:44 AM GMT-3","Análise e Desenvolvimento de Sistemas (ADS)","Matutino","2113025","São Paulo (SP)","FRANCA","Masculino","2003-05-14","Solteiro(a)","Nenhuma","Nenhum","Com pais e(ou) parentes","8","Próprio","Desde que nasci","Mais que 2 até 5 SM (R$2.200 - R$5.500)","1","0","0","4","2","2","1","0","4","0","4","Sim","Sim","Não","Não","Sim","Sou registrado no comércio","Trabalho fora da área do curso","Tarde e noite","Magazine Luiza","Tenho e é pago parcialmente pela empresa","Ensino fundamental II (6º ao 9º anos)","Ensino Médio","Sempre em escola pública","Muito","Sim","Sim","Não","Não","Sim","Sim","Sim","Sim","Não","Sim","Intermediário","Intermediário","Muito","Intermediário","Intermediário","Intermediário","Pouco","Leio e escrevo mas não falo","Leio, escrevo e falo razoavelmente","Praticamente nulo","Pouco","Muito","Nunca","Muito","Nunca","Nunca","Pouco","Diariamente","Notícias locais;Notícias nacionais;Notícias internacionais;Esporte;Lazer, arte e cultura;Notícias policiais;Sociais","De 3 até 6","Outros","Sim","Católica","Cinema;Filmes na internet;Literatura;Museus;Música;Teatro;Viagens","Indicação de familiar/amigo","Este curso forma profissionais facilmente absorvidos pelo mercado","Obter competências para exercício de uma profissão","Melhorar cargo e salário na empresa que trabalho","Não","Não fiz","Moto","..."
"2021/08/27 10:50:54 AM GMT-3","Análise e Desenvolvimento de Sistemas (ADS)","Matutino","2111011","São Paulo (SP)","FRANCA","Masculino","2003-10-27","Solteiro(a)","Nenhuma","Nenhum","Com pais e(ou) parentes","3","Próprio","5","Mais que 2 até 5 SM (R$2.200 - R$5.500)","1","0","0","1","0","3","1","1","3","2","2","Sim","Sim","Sim","Não","Não","Não trabalho","Não trabalho","Não trabalho","Não trabalho ","Não tenho, uso o SUS","Ensino Médio","Ensino Médio","Sempre em escola pública","Muito","Sim","Não","Sim","Sim","Não","Sim","Sim","Sim","Sim","Sim","Muito","Muito","Pouco","Intermediário","Intermediário","Pouco","Pouco","Leio mas não escrevo nem falo","Leio, escrevo e falo razoavelmente","Praticamente nulo","Às vezes","Sempre","Pouco","Pouco","Pouco","Sempre","Sempre","Raramente","Esporte;Notícias policiais","De 7 a 10","Ficção","Não","Católica","Cinema;Filmes na internet;TV;Viagens","Indicação de familiar/amigo","Este curso forma profissionais facilmente absorvidos pelo mercado","Obter novos conhecimentos","Conquistar vaga em empresa privada","Não","Sim, em uma ETEC","Bicicleta","ter uma vida tranquila "
"2021/08/27 10:50:56 AM GMT-3","Análise e Desenvolvimento de Sistemas (ADS)","Matutino","2111003","São Paulo (SP)","FRANCA","Masculino","2002-04-11","Solteiro(a)","Nenhuma","Nenhum","Com pais e(ou) parentes","4","Próprio","1 ano","Mais que 2 até 5 SM (R$2.200 - R$5.500)","1","0","0","2","0","1","1","0","4","2","1","Não","Sim","Não","Não","Sim","Sou estagiário","Trabalho na área do curso","Tarde","EngDigital","Não tenho, uso o SUS","Ensino Superior","Ensino Médio","Sempre em escola pública","Sempre (Likert)","Sim","Sim","Sim","Sim","Sim","Sim","Sim","Sim","Sim","Sim","Muito","Muito","Intermediário","Intermediário","Muito","Intermediário","Pouco","Leio, escrevo e falo razoavelmente","Leio mas não escrevo nem falo","Praticamente nulo","Às vezes","Sempre","Nunca","Nunca","Pouco","Às vezes","Sempre","Raramente","Todos os assuntos","Até 2","Ficção","Não","Nenhuma","Cinema;Filmes na internet;Música;TV;Viagens","Propaganda na escola que estudava","Minha vocação é seguir esta carreira","Obter competências para exercício de uma profissão","Outra expectativa","Não","Sim, no SENAI","Carro",""
"2021/08/27 10:51:33 AM GMT-3","Análise e Desenvolvimento de Sistemas (ADS)","Matutino","2111043","São Paulo (SP)","FRANCA","Masculino","2003-09-21","Solteiro(a)","Nenhuma","Nenhum","Com pais e(ou) parentes","5","Próprio","17 anos","Mais que 2 até 5 SM (R$2.200 - R$5.500)","2","0","0","1","1","1","2","0","4","1","1","Não","Sim","Sim","Não","Não","Não trabalho","Não trabalho","Não trabalho","","Tenho e é um plano familiar","Ensino Médio","Ensino Médio","Sempre em escola pública","Sempre (Likert)","Sim","Não","Não","Sim","Sim","Sim","Sim","Sim","Sim","Sim","Muito","Muito","Intermediário","Muito","Intermediário","Intermediário","Intermediário","Leio, escrevo e falo razoavelmente","Leio, escrevo e falo bem","Leio, escrevo e falo razoavelmente","Pouco","Sempre","Às vezes","Sempre","Pouco","Muito","Às vezes","Diariamente","Todos os assuntos","Mais de 10","Ficção","Não","Católica","Cinema;Filmes na internet;Literatura;Música;TV","Indicação de familiar/amigo","Minha vocação é seguir esta carreira","Obter novos conhecimentos","Conquistar vaga em empresa privada","Não","Sim, no SENAI","Carro","Sempre me identifiquei na área da tecnologia e tive a oportunidade de estudar na área e espero conquistar um emprego bom "
"2021/08/27 10:52:15 AM GMT-3","Análise e Desenvolvimento de Sistemas (ADS)","Matutino","2111027","São Paulo (SP)","FRANCA","Masculino","1999-08-23","Solteiro(a)","Nenhuma","Nenhum","Com pais e(ou) parentes","3","Próprio","4 anos","Até 2 SM (R$2.200)","3","1","0","1","0","1","2","1","3","1","1","Não","Sim","Não","Não","Não","Não trabalho","Não trabalho","Não trabalho","","Não tenho, uso o SUS","Ensino Superior","Ensino Médio","Sempre em escola pública","Muito","Sim","Não","Não","Não","Não","Sim","Sim","Sim","Não","Sim","Intermediário","Intermediário","Nenhum","Pouco","Pouco","Nenhum","Nenhum","Leio, escrevo e falo bem","Praticamente nulo","Praticamente nulo","Nunca","Sempre","Nunca","Nunca","Nunca","Às vezes","Às vezes","Não leio","Não leio jormal","Até 2","Ficção","Não","Nenhuma","Cinema;Filmes na internet;Música","Indicação de familiar/amigo","Minha vocação é seguir esta carreira","Obter competências para exercício de uma profissão","Ingressar na carreira acadêmica","Não","Sim, no SENAC","Bicicleta",""
"2021/08/27 10:52:45 AM GMT-3","Análise e Desenvolvimento de Sistemas (ADS)","Matutino","5437681","São Paulo (SP)","FRANCA","Feminino","2003-08-09","Solteiro(a)","Nenhuma","Nenhum","Com pais e(ou) parentes","5","Próprio","+10 anos","Mais que 2 até 5 SM (R$2.200 - R$5.500)","2","0","0","1","0","1","1","0","4","0","2","Não","Sim","Não","Não","Não","Não trabalho","Não trabalho","Não trabalho","","Não tenho, uso o SUS","Ensino Médio","Ensino Superior","Sempre em escola pública","Muito","Sim","Não","Sim","Sim","Não","Sim","Sim","Sim","Não","Não","Intermediário","Pouco","Nenhum","Intermediário","Intermediário","Pouco","Nenhum","Leio, escrevo e falo razoavelmente","Leio, escrevo e falo razoavelmente","Praticamente nulo","Pouco","Muito","Nunca","Nunca","Nunca","Às vezes","Pouco","Não leio","Não leio jormal","De 3 até 6","Ficção","Não","Evangélica","Cinema;Filmes na internet;Literatura;Música","Indicação de familiar/amigo","Sugestão ou vontade familiar","Obter novos conhecimentos","Nenhuma expectativa","Não","Não fiz","Carro",""
"2021/08/27 10:53:33 AM GMT-3","Análise e Desenvolvimento de Sistemas (ADS)","Matutino","2111002","São Paulo (SP)","FRANCA","Masculino","2001-08-29","Solteiro(a)","Nenhuma","Nenhum","Com pais e(ou) parentes","5","Próprio","16 anos","Até 2 SM (R$2.200)","3","2","2","3","2","1","1","1","4","1","0","Sim","Sim","Sim","Não","Não","Não trabalho","Não trabalho","Não trabalho","Não trabalho","Tenho e é um plano individual","Ensino fundamental I (1º ao 5º anos)","Ensino Médio","Sempre em escola pública","Sempre (Likert)","Sim","","Sim","Sim","Sim","Sim","Sim","Sim","Sim","Sim","Muito","Intermediário","Pouco","Intermediário","Intermediário","Intermediário","Pouco","Leio, escrevo e falo razoavelmente","Praticamente nulo","Praticamente nulo","Às vezes","Muito","Pouco","Pouco","Às vezes","Às vezes","Às vezes","Não leio","Não leio jormal","Até 2","Ficção","Não","Católica","Cinema;Filmes na internet;Música;TV","Indicação de familiar/amigo","Minha vocação é seguir esta carreira","Obter novos conhecimentos","Conquistar vaga em empresa privada","Não","Não fiz;Sim, em uma ETEC","Bicicleta","Espero me profissionalizar na área e obter novos conhecimentos"
"2021/08/27 10:54:13 AM GMT-3","Análise e Desenvolvimento de Sistemas (ADS)","Matutino","2111028","São Paulo (SP)","FRANCA","Masculino","2001-01-12","Solteiro(a)","Nenhuma","Nenhum","Com pais e(ou) parentes","4","Alugado","23 anos","Mais que 2 até 5 SM (R$2.200 - R$5.500)","2","0","1","1","0","1","1","0","4","0","1","Não","Sim","Não","Não","Não","Não trabalho","Não trabalho","Não trabalho","","Não tenho, uso o SUS","Ensino Médio","Ensino fundamental II (6º ao 9º anos)","Sempre em escola pública","Muito","Sim","Não","Não","Sim","Não","Sim","Sim","Sim","Não","Sim","Intermediário","Muito","Pouco","Intermediário","Intermediário","Intermediário","Nenhum","Leio, escrevo e falo razoavelmente","Praticamente nulo","Praticamente nulo","Às vezes","Muito","Nunca","Pouco","Às vezes","Às vezes","Pouco","Algumas vezes por semana","Notícias locais;Notícias nacionais;Notícias internacionais;Esporte","De 3 até 6","Ficção","Não","Católica","Cinema;Filmes na internet;Literatura;Música;TV;Viagens","Cartaz de divulgação","Minha vocação é seguir esta carreira","Obter competências para exercício de uma profissão","Conquistar vaga em empresa privada","Não","Não fiz","Carro","Entrei na Fatec com o objetivo de me capacitar profissionalmente e espero conquistar uma vaga no mercado de trabalho como programador. "
"2021/08/27 10:55:05 AM GMT-3","Análise e Desenvolvimento de Sistemas (ADS)","Matutino","2111004","São Paulo (SP)","FRANCA","Masculino","2002-10-31","Solteiro(a)","Nenhuma","Nenhum","Com pais e(ou) parentes","3","Próprio","8 meses","Mais que 2 até 5 SM (R$2.200 - R$5.500)","2","0","0","2","0","1","1","0","3","1","0","Não","Sim","Sim","Não","Sim","Sou registrado no comércio","Trabalho fora da área do curso","Tarde e noite","Magazine Luiza ","Tenho e é um plano familiar","Ensino Médio","Ensino Superior","Sempre em escola pública","Muito","Sim","Sim","","","Sim","Sim","Sim","Sim","Não","Sim","Muito","Avançado","Pouco","Muito","Intermediário","Intermediário","Nenhum","Leio, escrevo e falo bem","Praticamente nulo","Praticamente nulo","Muito","Muito","Nunca","Nunca","Nunca","Muito","Muito","Não leio","Não leio jormal","Até 2","Outros","Não","Nenhuma","Cinema;Exposições de arte;Filmes na internet;Literatura;Música;TV","Indicação de familiar/amigo","Este curso forma profissionais facilmente absorvidos pelo mercado","Melhorar-me como pessoa para bons relacionamentos futuros","Ingressar na carreira acadêmica","Não","Não fiz","Ônibus","Ficar bilionário"
"2021/08/27 10:56:13 AM GMT-3","Análise e Desenvolvimento de Sistemas (ADS)","Matutino","2111009","São Paulo (SP)","FRANCA","Masculino","1989-02-17","Casado(a) ou União Estável","Nenhuma","Um","Com esposa(o) e(ou) filho(s)","3","Financiado","7 anos","Mais que 2 até 5 SM (R$2.200 - R$5.500)","2","1","2","1","1","2","1","1","2","0","1","Sim","Sim","Não","Não","Sim","Sou registrado em indústria (calçados/confecções/outras)","Trabalho fora da área do curso","Noite","Gelco","Tenho e é pago parcialmente pela empresa","Ensino Médio","Ensino Médio","Sempre em escola pública","Muito","Sim","Sim","Sim","Não","Sim","Sim","Sim","Não","Não","Sim","Muito","Muito","Nenhum","Intermediário","Intermediário","Pouco","Nenhum","Leio, escrevo e falo razoavelmente","Praticamente nulo","Praticamente nulo","Pouco","Muito","Nunca","Nunca","Pouco","Muito","Às vezes","Não leio","Não leio jormal","Nenhum","Não leio","Não","Católica","Música","Indicação de familiar/amigo","Minha vocação é seguir esta carreira","Obter competências para exercício de uma profissão","Conquistar vaga em empresa privada","Não","Não fiz","Moto","Pretendo me tornar um ótimo profissional da area e melhorar minha renda."
"2021/08/27 10:56:21 AM GMT-3","Análise e Desenvolvimento de Sistemas (ADS)","Matutino","1090482111018","São Paulo (SP)","Cristais Paulista","Feminino","2021-08-14","Solteiro(a)","Nenhuma","Nenhum","Com pais e(ou) parentes","3","Próprio","20 anos","Mais que 2 até 5 SM (R$2.200 - R$5.500)","2","1","1","1","0","2","1","0","3","0","1","Não","Sim","Não","Não","Sim","Sou registrado no comércio","Trabalho fora da área do curso","Tarde e noite","Magazine Luiza","Não tenho, uso o SUS","Ensino fundamental I (1º ao 5º anos)","Ensino Médio","Sempre em escola pública","Pouco","Não","Sim","Não","Não","Sim","Não","Não","Sim","Não","Não","Intermediário","Muito","Nenhum","Avançado","Avançado","Avançado","Nenhum","Praticamente nulo","Praticamente nulo","Praticamente nulo","Nunca","Sempre","Pouco","Pouco","Nunca","Nunca","Pouco","Raramente","Notícias locais;Notícias policiais","De 7 a 10","Romance","Não","Nenhuma","Cinema;Filmes na internet;Música;Viagens","Indicação de familiar/amigo","Este curso é gratuito","Obter competências para exercício de uma profissão","Melhorar cargo e salário na empresa que trabalho","Não","Sim, em uma ETEC","Ônibus","."
"2021/08/27 10:56:23 AM GMT-3","Análise e Desenvolvimento de Sistemas (ADS)","Matutino","2111023","São Paulo (SP)","FRANCA","Masculino","1991-08-18","Solteiro(a)","Nenhuma","Nenhum","Com pais e(ou) parentes","2","Financiado","9 meses","Até 2 SM (R$2.200)","0","0","0","1","0","0","1","0","1","1","0","Não","Sim","Não","Não","Sim","Sou registrado no comércio","Trabalho fora da área do curso","Tarde","Savegnago","Não tenho, uso o SUS","Ensino fundamental II (6º ao 9º anos)","Ensino fundamental I (1º ao 5º anos)","Sempre em escola pública","Muito","Sim","Não","Sim","Não","Não","Sim","Sim","Sim","Não","Não","Intermediário","Intermediário","Nenhum","Intermediário","Intermediário","Intermediário","Nenhum","Leio, escrevo e falo razoavelmente","Praticamente nulo","Praticamente nulo","Nunca","Muito","Às vezes","Às vezes","Nunca","Às vezes","Às vezes","Raramente","Notícias locais;Notícias internacionais;Esporte;Notícias policiais","De 3 até 6","Autoajuda","Não","Outra","Filmes na internet;Literatura;Música","Propaganda na escola que estudava","Este curso forma profissionais facilmente absorvidos pelo mercado","Obter competências para exercício de uma profissão","Conquistar vaga em empresa privada","Não","Sim, em uma ETEC","Bicicleta","Meu nome é Guilherme Vinaud, tenho 30 anos e me interessei pela área de TI depois que fiz um curso na Etec. Não trabalho na área ainda mas pretendo me formar e conquistar uma vaga neste seguimento de mercado ."
"2021/08/27 10:56:55 AM GMT-3","Análise e Desenvolvimento de Sistemas (ADS)","Matutino","2021046","Minas Gerais (MG)","FRANCA","Feminino","2002-01-18","Solteiro(a)","Nenhuma","Nenhum","Com pais e(ou) parentes","5","Próprio","1 semana","Até 2 SM (R$2.200)","1","0","0","1","1","1","1","0","4","0","1","Não","Sim","Não","Não","Não","Não trabalho","Não trabalho","Não trabalho","","Não tenho, uso o SUS","Prefiro não responder","Ensino Médio","Sempre em escola pública","Muito","Não","Não","Não","Sim","Não","Não","Sim","Não","Não","Não","Intermediário","Intermediário","Pouco","Muito","Intermediário","Pouco","Nenhum","Leio mas não escrevo nem falo","Praticamente nulo","Praticamente nulo","Às vezes","Sempre","Nunca","Pouco","Pouco","Às vezes","Pouco","Raramente","Todos os assuntos","Mais de 10","Ficção","Não","Nenhuma","Filmes na internet;Literatura;Música","Propaganda na escola que estudava","Outros motivos","Obter competências para exercício de uma profissão","Outra expectativa","Não","Não fiz","Caminhando","Nada a declarar."
"2021/08/27 10:56:55 AM GMT-3","Análise e Desenvolvimento de Sistemas (ADS)","Matutino","2121048","São Paulo (SP)","FRANCA","Masculino","1993-07-11","Solteiro(a)","Nenhuma","Nenhum","Com amigos (compartilhando despesas) ou de favor","2","Alugado","7 meses","Mais que 2 até 5 SM (R$2.200 - R$5.500)","0","0","0","0","0","0","1","0","2","1","0","Não","Sim","Não","Não","Sim","Sou estagiário","Trabalho na área do curso","Tarde e noite","Oneberto","Não tenho, uso o SUS","Prefiro não responder","Prefiro não responder","Sempre em escola pública","Sempre (Likert)","Sim","Sim","Sim","Não","Sim","Sim","Sim","Sim","Sim","Sim","Muito","Avançado","Pouco","Avançado","Avançado","Intermediário","Pouco","Leio, escrevo e falo bem","Praticamente nulo","Leio, escrevo e falo bem","Pouco","Sempre","Nunca","Nunca","Nunca","Pouco","Às vezes","Não leio","Não leio jormal","Até 2","Outros","Não","Outra","Cinema;Filmes na internet;Música;Viagens","Indicação de familiar/amigo","Minha vocação é seguir esta carreira","Obter novos conhecimentos","Outra expectativa","Sim","Não fiz","Caminhando",""
"2021/08/27 10:57:05 AM GMT-3","Análise e Desenvolvimento de Sistemas (ADS)","Matutino","2111020","São Paulo (SP)","FRANCA","Masculino","2003-09-30","Solteiro(a)","Nenhuma","Nenhum","Com pais e(ou) parentes","2","Financiado","7 anos","Mais que 2 até 5 SM (R$2.200 - R$5.500)","1","0","0","1","0","1","1","0","2","1","1","Sim","Sim","Não","Não","Não","Não trabalho","Não trabalho","Não trabalho","","Não tenho, uso o SUS","Ensino Superior","Pós-graduação","Sempre em escola pública","Muito","Sim","Não","Sim","Sim","Não","Sim","Sim","Sim","Não","Sim","Pouco","Pouco","Pouco","Pouco","Pouco","Pouco","Nenhum","Leio, escrevo e falo razoavelmente","Leio, escrevo e falo razoavelmente","Praticamente nulo","Pouco","Às vezes","Pouco","Pouco","Nunca","Pouco","Às vezes","Raramente","Todos os assuntos","Até 2","Ficção","Não","Católica","Cinema;Exposições de arte;Filmes na internet;Museus;Música;Teatro;TV;Viagens","Indicação de familiar/amigo","Este curso forma profissionais que são bem remunerados","Obter um diploma de nível superior","Conquistar vaga em empresa privada","Não","Não fiz","Carro",""
"2021/08/27 10:57:23 AM GMT-3","Análise e Desenvolvimento de Sistemas (ADS)","Matutino","2111024","São Paulo (SP)","FRANCA","Masculino","2003-07-11","Solteiro(a)","Nenhuma","Nenhum","Com pais e(ou) parentes","2","Próprio","18 anos ","Até 2 SM (R$2.200)","1","1","0","0","1","2","1","0","1","0","2","Não","Sim","Não","Não","Não","Não trabalho","Não trabalho","Não trabalho","","Não tenho, uso o SUS","Ensino Médio","Pós-graduação","Sempre em escola pública","Nunca","Não","Não","Sim","Sim","Sim","Sim","Sim","Sim","Sim","Sim","Intermediário","Muito","Pouco","Muito","Muito","Muito","Pouco","Leio mas não escrevo nem falo","Leio mas não escrevo nem falo","Praticamente nulo","Às vezes","Muito","Às vezes","Às vezes","Às vezes","Muito","Sempre","Raramente","Notícias locais","Até 2","Biográfico","Não","Nenhuma","Cinema;Filmes na internet;Literatura;Museus;Música;TV;Viagens","Cartaz de divulgação","Este curso forma profissionais facilmente absorvidos pelo mercado","Obter novos conhecimentos","Prestar concurso público","Não","Sim, em uma ETEC","Bicicleta","Já estou em franca a 18 anos, sou bem familiar, tenho como objetivo entrar para PF (Polícia federal). "
"2021/08/27 10:57:48 AM GMT-3","Análise e Desenvolvimento de Sistemas (ADS)","Matutino","2111030","São Paulo (SP)","FRANCA","Masculino","2003-03-09","Solteiro(a)","Nenhuma","Nenhum","Com pais e(ou) parentes","5","Próprio","15 anos","Mais que 2 até 5 SM (R$2.200 - R$5.500)","2","0","1","1","0","1","1","0","4","0","2","Sim","Sim","Não","Não","Não","Não trabalho","Não trabalho","Não trabalho","não trabalho","Não tenho, uso o SUS","Ensino Médio","Ensino Superior","A maior parte em escola pública","Muito","Sim","Não","Sim","Sim","Sim","Sim","Sim","Sim","Não","Sim","Intermediário","Muito","Pouco","Intermediário","Intermediário","Intermediário","Pouco","Leio e escrevo mas não falo","Leio e escrevo mas não falo","Praticamente nulo","Às vezes","Muito","Pouco","Pouco","Pouco","Muito","Às vezes","Raramente","Notícias locais;Esporte;Lazer, arte e cultura","Até 2","Ficção","Sim","Católica","Cinema;Filmes na internet;Música;TV","Propaganda na escola que estudava","Minha vocação é seguir esta carreira","Obter competências para exercício de uma profissão","Conquistar vaga em empresa privada","Sim","Sim, em uma ETEC","Carro","Gosto muito da área de informática, sou uma pessoa muito curiosa e dedicada, pretendo seguir nessa área"
"2021/08/27 11:00:19 AM GMT-3","Análise e Desenvolvimento de Sistemas (ADS)","Matutino","2111031","São Paulo (SP)","FRANCA","Feminino","2003-01-10","Solteiro(a)","Nenhuma","Nenhum","Com pais e(ou) parentes","Quatro","Próprio","Dezessete anos","Mais que 2 até 5 SM (R$2.200 - R$5.500)","3","1","1","1","0","1","1","0","4","0","1","Sim","Sim","Sim","Não","Sim","Sou registrado no comércio","Trabalho fora da área do curso","Tarde","MEL CONTABILIDADE","Tenho e é um plano familiar","Ensino Médio","Ensino Superior","Sempre em escola pública","Muito","Não","Sim","Não","Não","Sim","Sim","Sim","Sim","Sim","Sim","Intermediário","Intermediário","Pouco","Intermediário","Intermediário","Intermediário","Pouco","Leio, escrevo e falo razoavelmente","Praticamente nulo","Praticamente nulo","Às vezes","Sempre","Pouco","Nunca","Às vezes","Muito","Sempre","Não leio","Não leio jormal","Até 2","Ficção","Não","Católica","Cinema;Filmes na internet;Música;TV","Indicação de familiar/amigo","Outros motivos","Obter novos conhecimentos","Outra expectativa","Não","Não fiz","Carro","Estudei a vida inteira em escola pública. Quando terminei o ensino médio não sabia qual faculdade iria cursar e foi quando me sugeriram dar uma olhada nos cursos que a FATEC oferece. Por fim eu escolhi o curso de ADS que foi o que eu mais me identifiquei. Pretendo me formar na área e melhorar meus conhecimentos para poder auxiliar ainda mais no meu trabalho."
"2021/08/27 11:02:29 AM GMT-3","Análise e Desenvolvimento de Sistemas (ADS)","Matutino","2111029","São Paulo (SP)","FRANCA","Masculino","2003-12-19","Solteiro(a)","Nenhuma","Nenhum","Com pais e(ou) parentes","6","Próprio","mais 20 anos","Mais que 2 até 5 SM (R$2.200 - R$5.500)","3","0","1","2","0","3","1","0","4","3","1","Não","Sim","Sim","Sim","Não","Não trabalho","Não trabalho","Não trabalho","Não","Não tenho, uso o SUS","Pós-graduação","Ensino Médio","Sempre em escola pública","Sempre (Likert)","Sim","Não","Sim","Não","Sim","Sim","Sim","Sim","Não","Sim","Avançado","Avançado","Intermediário","Avançado","Avançado","Avançado","Intermediário","Leio, escrevo e falo razoavelmente","Leio mas não escrevo nem falo","Praticamente nulo","Sempre","Sempre","Às vezes","Pouco","Pouco","Sempre","Sempre","Raramente","Todos os assuntos","De 3 até 6","Ficção","Não","Nenhuma","Cinema;Exposições de arte;Filmes na internet;Literatura;Música;TV;Viagens","Indicação de familiar/amigo","Este curso forma profissionais facilmente absorvidos pelo mercado","Obter novos conhecimentos","Conquistar vaga em empresa privada","Não","Não fiz","Carona","Nasci em 2003, o meu primeiro contato com a tecnologia vou atravez de video-game e ficava encantado e pensando como que criaram isso foi por causa disso eu comecei a me interessar em tecnologia, com isso fiz um curso de criação de jogos que me introduziu aos script foi dai que comecei a olhar para cursos que ensinam script como analise e desenvolvimento de sistema e concluindo poderei criar jogos e trabalhar com scripts"
"2021/08/27 11:02:37 AM GMT-3","Análise e Desenvolvimento de Sistemas (ADS)","Matutino","2111042","São Paulo (SP)","FRANCA","Masculino","2003-07-18","Solteiro(a)","Nenhuma","Nenhum","Com pais e(ou) parentes","4","Alugado","1 Ano","Mais que 2 até 5 SM (R$2.200 - R$5.500)","1","0","0","1","0","1","1","0","4","0","1","Não","Sim","Sim","Não","Sim","Sou registrado em indústria (calçados/confecções/outras)","Trabalho fora da área do curso","Tarde","Cartonagem Circulus Indústria e Comércio","Não tenho, uso o SUS","Ensino fundamental II (6º ao 9º anos)","Ensino Superior","A maior parte em escola particular com bolsa","Às vezes","Não","Sim","Não","Sim","Sim","Sim","Sim","Não","Não","Não","Intermediário","Muito","Pouco","Intermediário","Intermediário","Intermediário","Nenhum","Leio, escrevo e falo razoavelmente","Praticamente nulo","Praticamente nulo","Às vezes","Sempre","Pouco","","Às vezes","Muito","","Não leio","Não leio jormal","Nenhum","Não leio","Não","Outra","Cinema;Filmes na internet;Música;TV;Viagens","Indicação de familiar/amigo","Minha vocação é seguir esta carreira","Obter novos conhecimentos","Conquistar vaga em empresa privada","Não","Não fiz","Carro","Sempre gostei muito da área, mas nunca me aprofundei muito. Com os conhecimentos adquiridos no curso pretendo seguir a área de segurança da informação."
"2021/08/27 11:04:56 AM GMT-3","Análise e Desenvolvimento de Sistemas (ADS)","Matutino","2111015","São Paulo (SP)","FRANCA","Feminino","2003-07-21","Solteiro(a)","Nenhuma","Nenhum","Com pais e(ou) parentes","4","Próprio","18 anos","Mais que 2 até 5 SM (R$2.200 - R$5.500)","2","0","1","1","1","1","1","0","3","1","1","Sim","Sim","Não","Não","Sim","Sou registrado no comércio","Trabalho fora da área do curso","Tarde","Havan","Tenho e é um plano familiar","Ensino Superior","Ensino Médio","Sempre em escola pública","Muito","Sim","Sim","Sim","Sim","Sim","Sim","Sim","Sim","Não","Sim","Muito","Muito","Nenhum","Muito","Muito","Muito","Nenhum","Leio, escrevo e falo bem","Leio, escrevo e falo bem","Praticamente nulo","Às vezes","Sempre","Pouco","Nunca","Nunca","Sempre","Muito","Algumas vezes por semana","Todos os assuntos","De 3 até 6","Romance","Não","Evangélica","Cinema;Filmes na internet;Música;TV;Viagens","Cartaz de divulgação","Este curso forma profissionais facilmente absorvidos pelo mercado","Obter competências para exercício de uma profissão","Conquistar vaga em empresa privada","Não","Não fiz","Carro","Quero me formar na faculdade e atuar na área sendo um profissional bem sucedido"
"2021/08/27 11:19:07 AM GMT-3","Análise e Desenvolvimento de Sistemas (ADS)","Noturno","2111034","São Paulo (SP)","FRANCA","Masculino","2003-10-09","Solteiro(a)","Nenhuma","Nenhum","Com pais e(ou) parentes","6","Alugado","2 anos","Até 2 SM (R$2.200)","3","0","0","2","0","1","1","","4","0","2","Não","Sim","Não","Não","Sim","Sou estagiário","Trabalho fora da área do curso","Manhã","IMA","Não tenho, uso o SUS","Ensino Médio","Ensino fundamental II (6º ao 9º anos)","Sempre em escola pública","Nunca","Não","Não","Não","Não","Não","Não","Não","Não","Não","Não","Muito","Avançado","Pouco","Avançado","Avançado","Avançado","Pouco","Leio, escrevo e falo razoavelmente","Leio, escrevo e falo razoavelmente","Praticamente nulo","Pouco","Sempre","Nunca","Às vezes","Nunca","Sempre","Muito","Não leio","Não leio jormal","Mais de 10","Aventura","Não","Católica","Cinema;Filmes na internet;Literatura;Música;TV;Viagens","Indicação de familiar/amigo","Minha vocação é seguir esta carreira","Obter novos conhecimentos","Abrir meu próprio negócio","Não","Sim, em uma ETEC","Bicicleta","Sou uma pessoa de famílias humilde, o primeiro a ingressar em uma faculdade, gosto da área e sei que é a minha vocação. Tenho o sonho de me formar e ter a minha própria empresa e ajudar todos os meus familiares"
"2021/08/27 11:37:09 AM GMT-3","Análise e Desenvolvimento de Sistemas (ADS)","Noturno","1090482113040","Minas Gerais (MG)","Capetinga","Feminino","2003-02-12","Solteiro(a)","Nenhuma","Nenhum","Com pais e(ou) parentes","4","Próprio","18 anos","Mais que 2 até 5 SM (R$2.200 - R$5.500)","1","0","0","1","0","1","1","0","4","1","1","Não","Sim","Não","Não","Sim","Sou registrado em empresa prestadora de serviços","Trabalho fora da área do curso","Manhã e tarde","Braghini soluções em informática (parte de escritório)","Não tenho, uso o SUS","Ensino fundamental I (1º ao 5º anos)","Ensino Médio","Sempre em escola pública","Muito","Sim","Sim","Sim","Não","Sim","Sim","Sim","Sim","Não","Não","Pouco","Intermediário","Nenhum","Intermediário","Intermediário","Pouco","Intermediário","Leio mas não escrevo nem falo","Leio mas não escrevo nem falo","Praticamente nulo","Pouco","Muito","Nunca","Pouco","Nunca","Pouco","Pouco","Raramente","Notícias locais;Notícias nacionais;Notícias internacionais;Sociais","De 3 até 6","Romance","Não","Nenhuma","Cinema;Música;TV","Indicação de familiar/amigo","Minha vocação é seguir esta carreira","Obter competências para exercício de uma profissão","Conquistar vaga em empresa privada","Não","Não fiz","Transporte escolar",""
"2021/08/27 1:29:41 PM GMT-3","Análise e Desenvolvimento de Sistemas (ADS)","Noturno","2113002","São Paulo (SP)","FRANCA","Masculino","2003-04-08","Solteiro(a)","Nenhuma","Nenhum","Com pais e(ou) parentes","3","Próprio","18 anos","Mais que 2 até 5 SM (R$2.200 - R$5.500)","2","0","2","1","0","2","1","1","3","3","0","Sim","Sim","Sim","Não","Não","Não trabalho","Não trabalho","Não trabalho","","Tenho e é um plano familiar","Ensino Médio","Ensino Superior","Sempre em escola pública","Muito","Sim","Não","","Não","Sim","Sim","Sim","Sim","Não","Sim","Intermediário","Intermediário","Nenhum","Intermediário","Intermediário","Intermediário","Nenhum","Leio, escrevo e falo razoavelmente","Leio mas não escrevo nem falo","Praticamente nulo","Pouco","Muito","Pouco","Pouco","Às vezes","Muito","Às vezes","Raramente","Não leio jormal","Até 2","Ficção","Sim","Outra","Cinema;Filmes na internet;Museus;Teatro;TV","Indicação de familiar/amigo","Minha vocação é seguir esta carreira","Obter novos conhecimentos","Conquistar vaga em empresa privada","Não","Não fiz","Carro","Ser um bom analista e fazer a diferença no mundo da tecnologia
"
"2021/08/27 7:33:13 PM GMT-3","Análise e Desenvolvimento de Sistemas (ADS)","Noturno","2113010","São Paulo (SP)","FRANCA","Feminino","1997-05-05","Casado(a) ou União Estável","Nenhuma","Nenhum","Com esposa(o) e(ou) filho(s)","2","Financiado","6 meses ","Mais que 2 até 5 SM (R$2.200 - R$5.500)","0","0","0","0","2","1","1","0","2","1","2","Não","Sim","Não","Não","Sim","Sou registrado em empresa prestadora de serviços","Trabalho na área do curso","Manhã e tarde","OneBerto ","Não tenho, uso o SUS","Ensino fundamental I (1º ao 5º anos)","Ensino Médio","Sempre em escola pública","Sempre (Likert)","Sim","Sim","Sim","Não","Sim","Sim","Sim","Sim","Não","Sim","Intermediário","Intermediário","Pouco","Intermediário","Pouco","Pouco","Pouco","Leio mas não escrevo nem falo","Praticamente nulo","Praticamente nulo","Nunca","Sempre","Nunca","Nunca","Nunca","Nunca","Nunca","Não leio","Não leio jormal","De 3 até 6","Ficção","Não","Outra","Cinema;Filmes na internet;Música;TV","Indicação de familiar/amigo","Porque já trabalho na área","Obter competências para exercício de uma profissão","Conquistar vaga em empresa privada","Não","Não fiz","Moto","Sou formada em química e não tive uma boa oportunidades na área em seguida surgiu a oportunidade de trabalhar com informática e me apaixonei pela área. O meu objetivo é consegui uma vaga em uma grande empresa, organizada e com um plano de carreira."
"2021/08/27 8:50:44 PM GMT-3","Análise e Desenvolvimento de Sistemas (ADS)","Noturno","2113027","São Paulo (SP)","FRANCA","Masculino","1991-05-03","Casado(a) ou União Estável","Nenhuma","Dois","Com esposa(o) e(ou) filho(s)","6","Próprio","4+","Mais que 2 até 5 SM (R$2.200 - R$5.500)","3","0","0","4","0","1","1","0","4","0","1","Não","Sim","Sim","Não","Sim","Sou registrado em indústria (calçados/confecções/outras)","Trabalho fora da área do curso","Manhã e tarde","Calçar Bem","Não tenho, uso o SUS","Ensino Médio","Ensino fundamental I (1º ao 5º anos)","Sempre em escola pública","Muito","Sim","","","","Não","Sim","Sim","Não","Não","Não","Intermediário","Intermediário","Nenhum","Intermediário","Intermediário","Pouco","Pouco","Leio, escrevo e falo razoavelmente","Praticamente nulo","Praticamente nulo","Nunca","Às vezes","Nunca","Nunca","Nunca","Muito","Pouco","Não leio","Não leio jormal","Nenhum","Não leio","Não","Nenhuma","Cinema;Filmes na internet;Música","Indicação de familiar/amigo","Minha vocação é seguir esta carreira","Obter competências para exercício de uma profissão","Conquistar vaga em empresa privada","Não","Sim, no SENAI","Carro",""
"2021/08/27 11:22:58 PM GMT-3","Análise e Desenvolvimento de Sistemas (ADS)","Noturno","2113006","São Paulo (SP)","FRANCA","Masculino","2003-08-28","Solteiro(a)","Nenhuma","Nenhum","Com pais e(ou) parentes","5","Próprio","18","Mais que 2 até 5 SM (R$2.200 - R$5.500)","1","1","1","1","1","1","1","0","4","2","1","Sim","Sim","Não","Não","Não","Não trabalho","Não trabalho","Não trabalho","","Não tenho, uso o SUS","Ensino fundamental I (1º ao 5º anos)","Ensino fundamental II (6º ao 9º anos)","Sempre em escola pública","Muito","Sim","Não","Sim","Sim","Não","Sim","Sim","Sim","Não","Sim","Pouco","Muito","Pouco","Intermediário","Pouco","Pouco","Nenhum","Leio, escrevo e falo razoavelmente","Praticamente nulo","Leio, escrevo e falo razoavelmente","Nunca","Sempre","Nunca","Às vezes","Pouco","Muito","Às vezes","Não leio","Não leio jormal","Até 2","Autoajuda","Sim","Evangélica","Cinema;Filmes na internet;Literatura;Música;Viagens","Indicação de familiar/amigo","Outros motivos","Obter competências para exercício de uma profissão","Outra expectativa","Não","Não fiz","Moto","Nasci e moro em Franca, tenho 18 anos. Moro com meus pais e dois irmãos, sou o caçula. Conheci e comecei esse curso por causa do meu irmão mais velho que me motivou e me ensinou algumas coisas de python, eu gostei, e comecei a estudar e entrei na Fatec (vimos a inscrição na página da Fatec no Facebook). Nas horas vagas eu toco kalimba, ouço música, estudo não só linguagens de programação mas também biologia e as vezes hebraico. Alguns dos meus sonhos são: conseguir um emprego bom nessa área de tecnologia e obter mais conhecimento, viajar para outros lugares e/ou países, fazer também faculdade de biologia (só por gostar mesmo)."
"2021/08/28 7:22:55 AM GMT-3","Análise e Desenvolvimento de Sistemas (ADS)","Noturno","2113021","São Paulo (SP)","FRANCA","Feminino","2003-09-01","Solteiro(a)","Nenhuma","Nenhum","Com pais e(ou) parentes","5","Próprio","18 anos.","Até 2 SM (R$2.200)","1","0","0","2","0","1","1","0","3","0","1","Sim","Sim","Não","Não","Não","Não trabalho","Não trabalho","Não trabalho","","Não tenho, uso o SUS","Ensino Médio","Ensino Médio","Sempre em escola pública","Muito","Sim","Não","Não","Não","Não","Sim","Sim","Sim","Não","Sim","Intermediário","Pouco","Nenhum","Intermediário","Intermediário","Intermediário","Nenhum","Leio, escrevo e falo razoavelmente","Praticamente nulo","Praticamente nulo","Pouco","Às vezes","Pouco","Nunca","Nunca","Às vezes","Às vezes","Não leio","Não leio jormal","Mais de 10","Ficção","Não","Nenhuma","Filmes na internet;Literatura;Música;TV","Indicação de familiar/amigo","Este curso forma profissionais facilmente absorvidos pelo mercado","Obter competências para exercício de uma profissão","Conquistar vaga em empresa privada","Não","Não fiz","Carro",""
"2021/08/28 8:51:09 AM GMT-3","Análise e Desenvolvimento de Sistemas (ADS)","Noturno","2113013","São Paulo (SP)","FRANCA","Feminino","2003-07-08","Solteiro(a)","Nenhuma","Nenhum","Com pais e(ou) parentes","3","Próprio","18 anos ","Mais que 2 até 5 SM (R$2.200 - R$5.500)","2","0","1","1","1","0","1","0","4","0","2","","","","","Sim","Sou estagiário","Trabalho fora da área do curso","Manhã","Magazine Luiza ","Tenho e é um plano individual","Ensino fundamental I (1º ao 5º anos)","Ensino fundamental II (6º ao 9º anos)","Sempre em escola pública","Sempre (Likert)","Sim","Sim","Sim","Sim","Sim","Sim","Sim","Sim","Não","Não","Muito","Intermediário","Intermediário","Muito","Muito","Muito","Pouco","Leio e escrevo mas não falo","Praticamente nulo","Praticamente nulo","Nunca","Muito","Nunca","Às vezes","Às vezes","Às vezes","Às vezes","Raramente","Notícias locais;Notícias nacionais;Notícias internacionais;Esporte;Lazer, arte e cultura;Classificados","Até 2","Policial","Não","Católica","Cinema;Música;TV;Viagens","Propaganda na escola que estudava","Minha vocação é seguir esta carreira","Obter competências para exercício de uma profissão","Abrir meu próprio negócio","Não","Não fiz","Transporte escolar","Tenho 18 anos, comecei a gostar de tecnologia ano passado, foi ai que tentei vaga na FATEC. Ainda não trabalho na área, mais pretendo ingressar logo. Meu sonho é trabalhar nela. "
"2021/08/28 9:03:01 AM GMT-3","Análise e Desenvolvimento de Sistemas (ADS)","Noturno","1090481","São Paulo (SP)","FRANCA","Feminino","1982-05-06","Casado(a) ou União Estável","Nenhuma","Um","Com esposa(o) e(ou) filho(s)","3","Próprio","12 anos","Mais que 5 até 10 SM (R$5.500 - R$11.000)","3","0","1","1","0","1","1","1","2","0","2","Sim","Sim","Sim","Não","Sim","Sou registrado em empresa prestadora de serviços","Trabalho na área do curso","Manhã e tarde","Eddydata sistema de gestao publica","Tenho e é pago integralmente pela empresa","Ensino Médio","Ensino Superior","Sempre em escola pública","Sempre (Likert)","Sim","Sim","Sim","Sim","Sim","Sim","Sim","Sim","Sim","Sim","Muito","Muito","Pouco","Avançado","Avançado","Muito","Muito","Leio e escrevo mas não falo","Leio, escrevo e falo razoavelmente","","Pouco","Muito","Muito","Muito","Pouco","Às vezes","Muito","Diariamente","Notícias locais;Notícias nacionais;Notícias internacionais;Notícias policiais;Classificados","De 3 até 6","Romance","Não","Católica","Cinema;Exposições de arte;Música;Viagens","Indicação de familiar/amigo","É um curso bem conceituado na região","Obter competências para exercício de uma profissão","Melhorar cargo e salário na empresa que trabalho","Não","Não fiz","Carro",""
"2021/08/28 9:30:30 AM GMT-3","Análise e Desenvolvimento de Sistemas (ADS)","Noturno","2113014","São Paulo (SP)","FRANCA","Masculino","2003-07-02","Solteiro(a)","Nenhuma","Nenhum","Com pais e(ou) parentes","3","Financiado","10 anos ","Mais que 2 até 5 SM (R$2.200 - R$5.500)","1","1","1","1","1","2","1","0","3","1","0","Sim","Sim","Sim","Não","Não","Não trabalho","Não trabalho","Não trabalho","Não trabalho","Não tenho, uso o SUS","Ensino Médio","Ensino Médio","Sempre em escola pública","Sempre (Likert)","Sim","Não","Não","Sim","Sim","Sim","Sim","Sim","Não","Não","Muito","Avançado","Pouco","Avançado","Avançado","Intermediário","Pouco","Leio mas não escrevo nem falo","Praticamente nulo","Praticamente nulo","Nunca","Sempre","Nunca","Às vezes","Nunca","Sempre","Sempre","Algumas vezes por semana","Notícias nacionais;Notícias internacionais","De 3 até 6","Autoajuda","Não","Evangélica","Filmes na internet;Música","Indicação de familiar/amigo","Este curso forma profissionais facilmente absorvidos pelo mercado","Obter competências para exercício de uma profissão","Conquistar vaga em empresa privada","Não","Não fiz","Carona",""
"2021/08/28 9:32:05 AM GMT-3","Análise e Desenvolvimento de Sistemas (ADS)","Noturno","2113034","São Paulo (SP)","Patrocínio Paulista","Masculino","1984-04-10","Solteiro(a)","Nenhuma","Nenhum","Com pais e(ou) parentes","2","Próprio","29 anos","Prefiro não responder","1","0","0","1","0","1","1","1","1","0","1","Não","Sim","","Não","Sim","Sou registrado em indústria (calçados/confecções/outras)","Trabalho fora da área do curso","Manhã e tarde","Curtume","Não tenho, uso o SUS","Ensino Superior","Ensino fundamental I (1º ao 5º anos)","Sempre em escola pública","Muito","Sim","","","","Não","Sim","Sim","Sim","Sim","Sim","Intermediário","Pouco","Nenhum","Pouco","Pouco","Pouco","Nenhum","Leio mas não escrevo nem falo","Praticamente nulo","Praticamente nulo","Às vezes","Às vezes","Nunca","Às vezes","Nunca","Às vezes","Muito","Raramente","Notícias internacionais;Lazer, arte e cultura","Nenhum","Não leio","Não","Nenhuma","Filmes na internet;Música","Indicação de familiar/amigo","Este curso forma profissionais facilmente absorvidos pelo mercado","Obter competências para exercício de uma profissão","Conquistar vaga em empresa privada","Não","Sim, em uma ETEC","Ônibus","Sou uma pessoa simples. Como qualquer outro brasileiro que busca um lugar ao sol. Tenho sonho de conquistar minha casa própria. "
"2021/08/28 9:46:03 AM GMT-3","Análise e Desenvolvimento de Sistemas (ADS)","Noturno","2113038","São Paulo (SP)","FRANCA","Masculino","2003-04-05","Solteiro(a)","Nenhuma","Nenhum","Com pais e(ou) parentes","3","Próprio","18 anos","Até 2 SM (R$2.200)","3","1","2","1","0","2","1","0","4","1","1","Não","Sim","Não","Não","Não","Não trabalho","Não trabalho","Não trabalho","","Tenho e é um plano familiar","Ensino Médio","Ensino Médio","Sempre em escola pública","Sempre (Likert)","Sim","Não","Sim","Sim","Sim","Sim","Sim","Sim","Não","Sim","Muito","Muito","Intermediário","Muito","Avançado","Intermediário","Pouco","Leio e escrevo mas não falo","Leio mas não escrevo nem falo","Leio mas não escrevo nem falo","Às vezes","Muito","Pouco","Às vezes","Nunca","Pouco","Às vezes","Diariamente","Todos os assuntos","Mais de 10","Ficção","Não","Nenhuma","Cinema;Exposições de arte;Filmes na internet;Literatura;Música","Indicação de familiar/amigo","Minha vocação é seguir esta carreira","Obter novos conhecimentos","Conquistar vaga em empresa privada","Não","Sim, em outra instituição","Caminhando",""
"2021/08/28 9:56:43 AM GMT-3","Análise e Desenvolvimento de Sistemas (ADS)","Noturno","2111040","São Paulo (SP)","FRANCA","Masculino","2000-01-11","Solteiro(a)","Nenhuma","Nenhum","Com pais e(ou) parentes","2","Próprio","21 anos","Mais que 2 até 5 SM (R$2.200 - R$5.500)","2","1","0","1","0","1","2","1","2","1","2","Não","Sim","Não","Não","Sim","Sou registrado em empresa prestadora de serviços","Trabalho fora da área do curso","Manhã e tarde","Magazine Luiza","Não tenho, uso o SUS","Ensino fundamental I (1º ao 5º anos)","Ensino Médio","Sempre em escola pública","Às vezes","Sim","Sim","Sim","Não","Sim","Sim","Sim","Sim","Sim","Sim","Intermediário","Muito","Pouco","Muito","Muito","Muito","Muito","Leio mas não escrevo nem falo","Leio e escrevo mas não falo","Praticamente nulo","Às vezes","Sempre","Pouco","Nunca","Nunca","Sempre","Muito","Não leio","Não leio jormal","Nenhum","Não leio","Não","Católica","Cinema;Filmes na internet;Música","Indicação de familiar/amigo","Este curso forma profissionais facilmente absorvidos pelo mercado","Obter novos conhecimentos","Melhorar cargo e salário na empresa que trabalho","Não","Não fiz","Carro","Trabalho desde novo, e meu sonho sempre foi estudar na area de programação, e espero conseguir um bom emprego. E poder viajar bastante. "
"2021/08/28 9:57:56 AM GMT-3","Análise e Desenvolvimento de Sistemas (ADS)","Noturno","2113007","São Paulo (SP)","FRANCA","Masculino","2000-08-08","Solteiro(a)","Nenhuma","Nenhum","Com pais e(ou) parentes","7","Próprio","20 anos","Mais que 5 até 10 SM (R$5.500 - R$11.000)","2","1","1","3","0","2","1","0","4","1","0","Não","Sim","Não","Não","Sim","Sou autônomo","Trabalho fora da área do curso","Manhã e tarde","","Não tenho, uso o SUS","Ensino fundamental I (1º ao 5º anos)","Ensino Médio","Sempre em escola pública","Muito","Sim","","","","Sim","Sim","Sim","Sim","Não","Sim","Muito","Muito","Pouco","Intermediário","Intermediário","Intermediário","Nenhum","Leio mas não escrevo nem falo","Leio mas não escrevo nem falo","Leio mas não escrevo nem falo","Às vezes","Sempre","Nunca","Pouco","Pouco","Muito","Às vezes","Raramente","Não leio jormal","Até 2","Ficção","Sim","Católica","Cinema;Filmes na internet;Literatura;Música;TV;Viagens","Indicação de familiar/amigo","Minha vocação é seguir esta carreira","Obter novos conhecimentos","Outra expectativa","Não","Sim, em outra instituição","Carro",""
"2021/08/28 9:59:28 AM GMT-3","Análise e Desenvolvimento de Sistemas (ADS)","Noturno","2113032","São Paulo (SP)","FRANCA","Feminino","1995-06-02","Casado(a) ou União Estável","Nenhuma","Nenhum","Com esposa(o) e(ou) filho(s)","2","Financiado","2 anos ","Mais que 2 até 5 SM (R$2.200 - R$5.500)","0","0","0","1","1","1","1","0","2","0","1","Não","Sim","Não","Não","Sim","Sou registrado no comércio","Trabalho fora da área do curso","Manhã e tarde","Império das Carnes ","Não tenho, uso o SUS","Ensino Médio","Ensino Médio","Sempre em escola pública","Muito","Sim","Sim","Sim","","Sim","Sim","Sim","Sim","Não","Não","Intermediário","Intermediário","Pouco","Intermediário","Intermediário","Intermediário","Intermediário","Leio mas não escrevo nem falo","Leio, escrevo e falo razoavelmente","Praticamente nulo","Nunca","Sempre","Pouco","Às vezes","Nunca","Nunca","Muito","Algumas vezes por semana","Todos os assuntos;Notícias nacionais;Notícias internacionais","Até 2","Outros","Não","Evangélica","Filmes na internet;Literatura;Música","Propaganda na escola que estudava","Este curso forma profissionais facilmente absorvidos pelo mercado","Obter competências para exercício de uma profissão","Abrir meu próprio negócio","Não","Sim, em uma ETEC","Carro","Nascida em Franca,casada,tenho como objetivo principal a formação e conquista do mercado de trabalho... 
"
"2021/08/28 9:59:29 AM GMT-3","Análise e Desenvolvimento de Sistemas (ADS)","Noturno","1923050","São Paulo (SP)","FRANCA","Masculino","1993-12-08","Solteiro(a)","Nenhuma","Nenhum","Com pais e(ou) parentes","4","Alugado","1","Mais que 5 até 10 SM (R$5.500 - R$11.000)","1","0","1","2","0","1","1","0","4","0","2","Não","Sim","Não","Não","Sim","Sou registrado em empresa prestadora de serviços","Trabalho na área do curso","Manhã e tarde","Corebiz","Tenho e é pago integralmente pela empresa","Ensino Médio","Ensino fundamental II (6º ao 9º anos)","Sempre em escola pública","Sempre (Likert)","Sim","Sim","Sim","Não","Sim","Sim","Sim","Sim","Sim","Sim","Intermediário","Muito","Pouco","Pouco","Pouco","Pouco","Pouco","Praticamente nulo","Leio mas não escrevo nem falo","Praticamente nulo","Pouco","Sempre","Nunca","Nunca","Nunca","Às vezes","Muito","Não leio","Não leio jormal","Até 2","Ficção","Não","Nenhuma","Cinema;Filmes na internet;Literatura;Música","Indicação de familiar/amigo","Este curso forma profissionais que são bem remunerados","Obter competências para exercício de uma profissão","Melhorar cargo e salário na empresa que trabalho","Não","Não fiz","Carro",""
"2021/08/28 10:00:34 AM GMT-3","Análise e Desenvolvimento de Sistemas (ADS)","Noturno","2113029","São Paulo (SP)","FRANCA","Feminino","2003-05-28","Solteiro(a)","Nenhuma","Nenhum","Com pais e(ou) parentes","4","Alugado","2 anos","Mais que 2 até 5 SM (R$2.200 - R$5.500)","2","1","2","2","2","1","1","1","4","2","0","Não","Sim","Não","Não","Sim","Sou registrado no comércio","Trabalho fora da área do curso","Manhã e tarde","Magazine Luiza","Não tenho, uso o SUS","Ensino Médio","Ensino fundamental I (1º ao 5º anos)","Sempre em escola pública","Muito","Sim","Sim","Sim","Sim","Sim","Sim","Sim","Sim","Sim","Sim","Muito","Muito","Pouco","Muito","Muito","Muito","Pouco","Leio, escrevo e falo razoavelmente","Leio mas não escrevo nem falo","Leio, escrevo e falo razoavelmente","Pouco","Sempre","Nunca","Nunca","Nunca","Sempre","Sempre","Não leio","Não leio jormal","De 3 até 6","Romance","Não","Católica","Cinema;Exposições de arte;Filmes na internet;Literatura;Museus;Música","Indicação de familiar/amigo","Minha vocação é seguir esta carreira","Obter competências para exercício de uma profissão","Conquistar vaga em empresa privada","Não","Sim, no SENAC","Carro",""
"2021/08/28 10:01:04 AM GMT-3","Análise e Desenvolvimento de Sistemas (ADS)","Noturno","2013013","São Paulo (SP)","FRANCA","Masculino","1995-11-22","Solteiro(a)","Nenhuma","Nenhum","Com pais e(ou) parentes","03","Próprio","04 anos","Mais que 2 até 5 SM (R$2.200 - R$5.500)","3","1","1","1","0","2","1","0","3","1","1","Sim","Sim","Não","Não","Sim","Sou registrado no comércio","Trabalho fora da área do curso","Manhã e tarde","Magazine Luiza","Tenho e é pago parcialmente pela empresa","Ensino Médio","Ensino Médio","Sempre em escola pública","Sempre (Likert)","Sim","Sim","","","Sim","Sim","Sim","Sim","Não","Sim","Intermediário","Avançado","Intermediário","Muito","Muito","Muito","Intermediário","Leio e escrevo mas não falo","Leio e escrevo mas não falo","Praticamente nulo","Às vezes","Sempre","Nunca","Às vezes","Nunca","Pouco","Às vezes","Raramente","Notícias locais;Esporte;Lazer, arte e cultura;Notícias policiais","De 3 até 6","Biográfico","Não","Católica","Cinema;Filmes na internet;Literatura;Música;TV;Viagens","Indicação de familiar/amigo","Minha vocação é seguir esta carreira","Melhorar-me como pessoa para bons relacionamentos futuros","Melhorar cargo e salário na empresa que trabalho","Não","Sim, no SENAI","Carro","Meu nome é Luiz Felipe Silva, tenho 25 anos, sou natural de Franca-SP. Sou apaixonado por basquete, vídeo games e tecnologia. Já atuei na área, porém no momento trabalho com atendimento ao cliente.  "
"2021/08/28 10:01:58 AM GMT-3","Análise e Desenvolvimento de Sistemas (ADS)","Noturno","2113003","São Paulo (SP)","FRANCA","Masculino","2003-02-07","Solteiro(a)","Nenhuma","Nenhum","Com pais e(ou) parentes","4","Próprio","18 anos","Até 2 SM (R$2.200)","1","0","1","1","0","1","1","0","4","0","1","Sim","Sim","Sim","Não","Não","Não trabalho","Não trabalho","Não trabalho","Não trabalho","Não tenho, uso o SUS","Ensino Médio","Ensino fundamental II (6º ao 9º anos)","Sempre em escola pública","Nunca","Não","Não","Não","Não","Não","Não","Não","Não","Não","Não","Intermediário","Intermediário","Nenhum","Intermediário","Intermediário","Intermediário","Nenhum","Leio, escrevo e falo razoavelmente","Leio mas não escrevo nem falo","Praticamente nulo","Pouco","Muito","Nunca","Nunca","Nunca","Às vezes","Pouco","Raramente","Não leio jormal","Até 2","Ficção","Não","Católica","Filmes na internet;Música","Indicação de familiar/amigo","Minha vocação é seguir esta carreira","Obter competências para exercício de uma profissão","Conquistar vaga em empresa privada","Não","Não fiz","Bicicleta","Tenho 18 anos, estudei minha vida inteira em escola pública .Sempre fui uma pessoa quieta e reservada. Meu objetivo é terminar a faculdade e conseguir uma vaga de emprego no ramo da tecnologia, e então continuar aprimorar meus conhecimentos profissionais. "
"2021/08/28 10:02:27 AM GMT-3","Análise e Desenvolvimento de Sistemas (ADS)","Noturno","1090482113020","São Paulo (SP)","FRANCA","Feminino","1981-03-24","Solteiro(a)","Nenhuma","Nenhum","Com pais e(ou) parentes","1","Próprio","40","Mais que 2 até 5 SM (R$2.200 - R$5.500)","4","1","1","2","0","2","1","0","2","1","1","Sim","Sim","Sim","Não","Sim","Sou autônomo","Trabalho fora da área do curso","Manhã e tarde","Prime Research Brazil","Tenho e é um plano individual","Ensino fundamental I (1º ao 5º anos)","Ensino fundamental I (1º ao 5º anos)","Sempre em escola pública","Muito","Sim","Sim","Sim","","Sim","Sim","Sim","Sim","Sim","Sim","Intermediário","Pouco","Nenhum","Intermediário","Intermediário","Intermediário","Intermediário","Praticamente nulo","Praticamente nulo","Praticamente nulo","Às vezes","Sempre","Pouco","Pouco","Pouco","Às vezes","Às vezes","Raramente","Todos os assuntos","Nenhum","Romance","Não","Católica","Música;TV","Pelo Facebook","Outros motivos","Obter competências para exercício de uma profissão","Conquistar vaga em empresa privada","Não","Não fiz","Carro","Obter uma estabilidade profissional, com um salário razoável, que vai me proporcionar a viajar e conhecer várias cidades e países . "
"2021/08/28 10:03:28 AM GMT-3","Análise e Desenvolvimento de Sistemas (ADS)","Noturno","1747214","São Paulo (SP)","FRANCA","Masculino","1993-11-22","Casado(a) ou União Estável","Nenhuma","Nenhum","Com esposa(o) e(ou) filho(s)","2","Próprio","2 anos e 8 meses","Mais que 2 até 5 SM (R$2.200 - R$5.500)","1","0","0","1","0","1","1","1","1","1","1","Sim","Sim","Não","Não","Sim","Sou registrado em empresa prestadora de serviços","Trabalho na área do curso","Manhã e tarde","Alphasis Sistemas","Não tenho, uso o SUS","Ensino fundamental II (6º ao 9º anos)","Ensino Médio","Sempre em escola pública","Sempre (Likert)","Sim","Sim","Sim","Não","Sim","Sim","Não","Não","Não","Não","Intermediário","Intermediário","Nenhum","Intermediário","Intermediário","Intermediário","Intermediário","Leio mas não escrevo nem falo","Praticamente nulo","Praticamente nulo","Pouco","Muito","Nunca","Muito","Nunca","Nunca","Pouco","Não leio","Não leio jormal","Nenhum","Não leio","Não","Protestante","Cinema;Filmes na internet;Música;TV","Propaganda na escola que estudava","Porque já trabalho na área","Obter competências para exercício de uma profissão","Melhorar cargo e salário na empresa que trabalho","Não","Sim, em uma ETEC","Carro","Sou casado, tenho 27 anos, sou músico e amo minha família. Programo em VB.Net e o meu sonho é me tornar um programador desktop profissional."
"2021/08/28 10:04:26 AM GMT-3","Análise e Desenvolvimento de Sistemas (ADS)","Noturno","2113036","São Paulo (SP)","FRANCA","Masculino","2003-01-24","Solteiro(a)","Nenhuma","Nenhum","Com pais e(ou) parentes","4","Próprio","12  anos","Mais que 2 até 5 SM (R$2.200 - R$5.500)","3","0","0","1","1","2","1","0","4","2","1","Sim","Sim","Sim","Não","Não","Não trabalho","Não trabalho","Não trabalho","","Tenho e é um plano familiar","Prefiro não responder","Prefiro não responder","Sempre em escola pública","Sempre (Likert)","Sim","Não","Sim","Sim","Sim","Sim","Sim","Sim","Sim","Sim","Avançado","Avançado","Pouco","Muito","Intermediário","Pouco","Nenhum","Leio mas não escrevo nem falo","Leio mas não escrevo nem falo","Leio mas não escrevo nem falo","Pouco","Às vezes","Nunca","Nunca","Nunca","Muito","Sempre","Não leio","Não leio jormal","Até 2","Ficção","Não","Nenhuma","Cinema;Filmes na internet;Música;TV","Indicação de familiar/amigo","Minha vocação é seguir esta carreira","Obter novos conhecimentos","Conquistar vaga em empresa privada","Não","Sim, em outra instituição","Carona","-"
"2021/08/28 10:05:47 AM GMT-3","Análise e Desenvolvimento de Sistemas (ADS)","Noturno","1090482113042","Amazonas (AM)","FRANCA","Masculino","1990-07-28","Casado(a) ou União Estável","Nenhuma","Nenhum","Com esposa(o) e(ou) filho(s)","2","Próprio","3","Até 2 SM (R$2.200)","1","0","1","1","0","1","1","2","1","0","1","Sim","Sim","Não","Não","Sim","Sou registrado em indústria (calçados/confecções/outras)","Trabalho fora da área do curso","Manhã e tarde","Central Energética Vale do Sapucaí ltda","Tenho e é pago integralmente pela empresa","Ensino Superior","Ensino Superior","Sempre em escola pública","Sempre (Likert)","Sim","Sim","Sim","Não","Sim","Sim","Sim","Sim","Sim","Sim","Intermediário","Intermediário","Pouco","Intermediário","Intermediário","Intermediário","Intermediário","Leio, escrevo e falo bem","Leio, escrevo e falo bem","Praticamente nulo","Pouco","Sempre","Pouco","Às vezes","Pouco","Às vezes","Às vezes","Raramente","Notícias locais;Notícias nacionais;Notícias policiais","Até 2","Aventura","Não","Espírita","Filmes na internet","Pelo Facebook","Minha vocação é seguir esta carreira","Obter competências para exercício de uma profissão","Melhorar cargo e salário na empresa que trabalho","Não","Não fiz","Carro","Minha historia começa no Estado do Amazonas e até o momento está no Sudeste, adoro novos lugares, novos conhecimentos meu sonho é poder fazer algum trabalho futuro com informática que faça a diferença na vida das pessoas."
"2021/08/28 10:05:58 AM GMT-3","Análise e Desenvolvimento de Sistemas (ADS)","Noturno","82013015","São Paulo (SP)","FRANCA","Masculino","2002-02-27","Solteiro(a)","Nenhuma","Nenhum","Com pais e(ou) parentes","4","Próprio","17 anos","Mais que 2 até 5 SM (R$2.200 - R$5.500)","2","0","0","1","0","1","1","0","2","1","1","Não","Sim","Não","Não","Sim","Sou registrado no comércio","Trabalho fora da área do curso","Manhã","Magazine Luiza","Não tenho, uso o SUS","Ensino Médio","Ensino fundamental I (1º ao 5º anos)","Sempre em escola pública","Sempre (Likert)","Sim","Sim","Sim","Sim","Sim","Sim","Sim","Sim","Não","Sim","Avançado","Avançado","Nenhum","Intermediário","Intermediário","Intermediário","Nenhum","Praticamente nulo","Praticamente nulo","Praticamente nulo","Nunca","Sempre","Nunca","Nunca","Pouco","Sempre","Muito","Raramente","Notícias locais;Notícias nacionais;Esporte","Nenhum","Não leio","Não","Católica","Cinema;Filmes na internet;Música;TV;Viagens","Indicação de familiar/amigo","Outros motivos","Obter competências para exercício de uma profissão","Outra expectativa","Não","Sim, no SENAC;Sim, no SENAI","Bicicleta",""
"2021/08/28 10:09:24 AM GMT-3","Análise e Desenvolvimento de Sistemas (ADS)","Noturno","2111038","São Paulo (SP)","FRANCA","Masculino","2000-10-01","Solteiro(a)","Nenhuma","Nenhum","Com pais e(ou) parentes","5","Próprio","15 Anos","Até 2 SM (R$2.200)","1","0","0","2","1","2","2","0","4","1","0","Não","Sim","Não","Não","Não","Não trabalho","Não trabalho","Não trabalho","","Não tenho, uso o SUS","Ensino Médio","Ensino fundamental I (1º ao 5º anos)","Sempre em escola pública","Sempre (Likert)","Sim","Não","Não","Não","Sim","Sim","Sim","Sim","Sim","Sim","Avançado","Avançado","Intermediário","Muito","Muito","Muito","Intermediário","Leio, escrevo e falo razoavelmente","Leio mas não escrevo nem falo","Praticamente nulo","Pouco","Sempre","Nunca","Pouco","Nunca","Muito","Pouco","Raramente","Notícias nacionais;Notícias internacionais;Esporte","De 3 até 6","Ficção","Não","Católica","Cinema;Filmes na internet;Música;TV","Indicação de familiar/amigo","Minha vocação é seguir esta carreira","Obter competências para exercício de uma profissão","Conquistar vaga em empresa privada","Não","Não fiz","Ônibus","Amo tecnologia desde os 9 anos de idade, pertenço a uma família pobre mas que sempre trabalhou muito. Sonho em encontrar uma maneira de mudar o mundo, ser reconhecido, e de principalmente ajudar as pessoas vejo na tecnologia e na programação maneiras de realizar estes sonhos."
"2021/08/28 10:12:27 AM GMT-3","Análise e Desenvolvimento de Sistemas (ADS)","Noturno","1090482113011","São Paulo (SP)","Igarapava","Masculino","2000-09-24","Solteiro(a)","Visual","Nenhum","Com pais e(ou) parentes","2","Próprio","20 anos","Até 2 SM (R$2.200)","3","0","1","1","2","1","1","1","4","1","2","Não","Sim","Sim","Não","Não","Não trabalho","Não trabalho","Não trabalho","Nenhuma","Não tenho, uso o SUS","Ensino fundamental I (1º ao 5º anos)","Ensino fundamental I (1º ao 5º anos)","Sempre em escola pública","Muito","Sim","Não","Sim","Não","Não","Sim","Sim","Sim","Não","Não","Pouco","Pouco","Nenhum","Intermediário","Pouco","Pouco","Nenhum","Leio, escrevo e falo razoavelmente","Leio mas não escrevo nem falo","Praticamente nulo","Pouco","Muito","Nunca","Nunca","Pouco","Pouco","Pouco","Raramente","Notícias nacionais;Notícias internacionais;Sociais","Até 2","Ficção","Não","Outra","Filmes na internet;Literatura;Música","Propaganda na escola que estudava","Minha vocação é seguir esta carreira","Obter competências para exercício de uma profissão","Conquistar vaga em empresa privada","Não","Não fiz","Transporte escolar","Quero ajudar a Web ser mais acessível para deficientes visuais"
"2021/08/28 10:12:35 AM GMT-3","Análise e Desenvolvimento de Sistemas (ADS)","Noturno","2113023","São Paulo (SP)","FRANCA","Masculino","1989-12-20","Casado(a) ou União Estável","Nenhuma","Nenhum","Com esposa(o) e(ou) filho(s)","2","Cedido","5 anos","Mais que 2 até 5 SM (R$2.200 - R$5.500)","2","0","0","2","0","2","1","0","2","0","2","Sim","Sim","Não","Não","Sim","Sou registrado em empresa prestadora de serviços","Trabalho fora da área do curso","Manhã e tarde","Algar Telecom SA","Tenho e é pago parcialmente pela empresa","Ensino Médio","Ensino Médio","A maior parte em escola pública","Sempre (Likert)","Sim","Sim","Sim","Não","Sim","Sim","Sim","Sim","Sim","Sim","Intermediário","Pouco","Nenhum","Pouco","Pouco","Pouco","Nenhum","Praticamente nulo","Praticamente nulo","Praticamente nulo","Pouco","Muito","Nunca","Nunca","Nunca","Pouco","Às vezes","Não leio","Não leio jormal","Nenhum","Não leio","Não","Nenhuma","Cinema;Filmes na internet;Música;TV;Viagens","Indicação de familiar/amigo","Minha vocação é seguir esta carreira","Obter competências para exercício de uma profissão","Melhorar cargo e salário na empresa que trabalho","Não","Sim, em uma ETEC","Carro","Sempre gostei da area de tecnologia, desmontava meus carrinhos de controle remoto e quando era criança para ver por dentro, estudei na Escola Julio Cardoso no ensino medio e também fiz o técnico em eletronica e me eltrotécnica. Cursei engenharia de automação e controle na Unip-RP porém sempre trabalhei na área de telecomunicações e agora pretendo entrar na área de desenvolviemento de sistemas."
"2021/08/28 10:16:45 AM GMT-3","Análise e Desenvolvimento de Sistemas (ADS)","Noturno","2113031","São Paulo (SP)","FRANCA","Masculino","1995-07-04","Solteiro(a)","Nenhuma","Nenhum","Com pais e(ou) parentes","4 pessoas ","Cedido","25 anos","Até 2 SM (R$2.200)","1","1","1","1","0","2","0","0","2","1","0","Sim","Sim","Não","Não","Sim","Sou autônomo","Trabalho fora da área do curso","Manhã e tarde","","Não tenho, uso o SUS","Ensino fundamental I (1º ao 5º anos)","Ensino fundamental I (1º ao 5º anos)","Sempre em escola pública","Muito","Sim","Não","Sim","Sim","Não","Sim","Sim","Não","Não","Sim","Intermediário","Intermediário","Nenhum","Intermediário","Intermediário","Pouco","Nenhum","Leio mas não escrevo nem falo","Praticamente nulo","Praticamente nulo","Às vezes","Sempre","Nunca","Nunca","Pouco","Muito","Às vezes","Não leio","Não leio jormal","Nenhum","Autoajuda","Não","Espírita","Cinema;Filmes na internet;Música;Viagens","Indicação de familiar/amigo","Outros motivos","Obter competências para exercício de uma profissão","Conquistar vaga em empresa privada","Não","Não fiz","Ônibus","
Sou uma pessoa de fácil convívio, gosto de me comunicar, de aprender coisas novas e tenho muita força de vontade e perseverança. Com este curso, pretendo entrar na área  e aprender o máximo possível para que consiga ser um bom analista e me realizar profissionalmente."
"2021/08/28 10:19:16 AM GMT-3","Análise e Desenvolvimento de Sistemas (ADS)","Noturno","1090482113022","São Paulo (SP)","FRANCA","Masculino","2003-05-31","Solteiro(a)","Nenhuma","Nenhum","Com pais e(ou) parentes","4","Próprio","5 anos","Mais que 2 até 5 SM (R$2.200 - R$5.500)","2","0","0","2","1","1","1","0","4","1","2","Não","Sim","Não","Não","Sim","Sou estagiário","Trabalho na área do curso","Manhã e tarde","Sistema Metha","Não tenho, uso o SUS","Ensino Médio","Ensino Médio","Sempre em escola pública","Sempre (Likert)","Sim","Sim","Sim","Não","Sim","Sim","Sim","Sim","Sim","Sim","Muito","Avançado","Intermediário","Muito","Muito","Muito","Intermediário","Praticamente nulo","Leio, escrevo e falo razoavelmente","Praticamente nulo","Pouco","Sempre","Nunca","Nunca","Nunca","Muito","Muito","Não leio","Não leio jormal","Até 2","Ficção","Sim","Evangélica","Cinema;Filmes na internet;Literatura;Música;TV","Indicação de familiar/amigo","Este curso forma profissionais facilmente absorvidos pelo mercado","Obter novos conhecimentos","Abrir meu próprio negócio","Não","Não fiz","Bicicleta","Meu nome é Rafael, programo desde meus 16 anos, sempre soube que entraria na carreira da computação. Meu sonho é poder ser autônomo e não tiver horário fixo de trabalho"
"2021/08/28 10:30:09 AM GMT-3","Análise e Desenvolvimento de Sistemas (ADS)","Noturno","113016","São Paulo (SP)","FRANCA","Masculino","2002-05-07","Solteiro(a)","Nenhuma","Nenhum","Com pais e(ou) parentes","4","Próprio","20 anos","Mais que 2 até 5 SM (R$2.200 - R$5.500)","2","0","1","3","4","2","1","4","4","3","1","Sim","Sim","Não","Não","Sim","Sou autônomo","Trabalho fora da área do curso","Manhã e tarde","Autônomo","Não tenho, uso o SUS","Ensino Superior","Ensino Superior","Sempre em escola pública","Sempre (Likert)","Sim","Sim","Sim","Sim","Sim","Sim","Sim","Sim","Sim","Sim","Avançado","Avançado","Nenhum","Avançado","Avançado","Avançado","Pouco","Leio, escrevo e falo bem","Leio, escrevo e falo bem","Praticamente nulo","Pouco","Às vezes","Nunca","Nunca","Nunca","Às vezes","Às vezes","Não leio","Não leio jormal","De 3 até 6","Aventura","Não","Evangélica","Cinema;Filmes na internet;Literatura;Museus;Música;Teatro;TV;Viagens","Indicação de familiar/amigo","Este curso forma profissionais facilmente absorvidos pelo mercado","Obter competências para exercício de uma profissão","Abrir meu próprio negócio","Não","Sim, em uma ETEC","Moto","Tenho 19 anos, concluo em 2021 técnico em Desenvolvimento de Sistemas e técnico em Mecatrônica. Almejo obter uma vaga em uma grande empresa de automação industrial e posteriormente abrir meu próprio negócio."
"2021/08/28 10:32:04 AM GMT-3","Análise e Desenvolvimento de Sistemas (ADS)","Noturno","2111026","Rondônia (RO)","FRANCA","Masculino","2001-03-29","Solteiro(a)","Nenhuma","Nenhum","Com pais e(ou) parentes","6","Próprio","6 anos","Até 2 SM (R$2.200)","1","0","2","0","0","1","1","0","4","2","0","Sim","Sim","Não","Não","Sim","Sou autônomo","Trabalho fora da área do curso","Manhã e tarde","Izzor","Não tenho, uso o SUS","Ensino fundamental I (1º ao 5º anos)","Ensino Médio","Sempre em escola pública","Sempre (Likert)","Sim","Não","Não","Não","Não","Sim","Sim","Sim","Não","Sim","Intermediário","Muito","Pouco","Intermediário","Intermediário","Muito","Nenhum","Leio, escrevo e falo razoavelmente","Praticamente nulo","Praticamente nulo","Nunca","Sempre","Nunca","Às vezes","Às vezes","Às vezes","Às vezes","Raramente","Notícias locais;Notícias nacionais;Notícias internacionais","Até 2","Não leio","Não","Evangélica","Cinema;Filmes na internet;Música;TV","Propaganda na escola que estudava","Minha vocação é seguir esta carreira","Obter competências para exercício de uma profissão","Conquistar vaga em empresa privada","Não","Não fiz","Ônibus",""
"2021/08/28 10:36:57 AM GMT-3","Análise e Desenvolvimento de Sistemas (ADS)","Matutino","1911013","São Paulo (SP)","FRANCA","Masculino","1999-10-03","Solteiro(a)","Nenhuma","Nenhum","Com pais e(ou) parentes","4","Próprio","21 anos","Mais que 5 até 10 SM (R$5.500 - R$11.000)","2","1","3","1","1","1","1","1","4","0","3","Sim","Sim","Não","Não","Sim","Sou registrado no comércio","Trabalho fora da área do curso","Manhã e tarde","Magazine Luiza","Tenho e é um plano familiar","Ensino Médio","Pós-graduação","A maior parte em escola particular com bolsa","Pouco","Não","Sim","Sim","Sim","Sim","Não","Não","Não","Não","Não","Intermediário","Intermediário","Nenhum","Muito","Muito","Intermediário","Pouco","Leio, escrevo e falo razoavelmente","Leio e escrevo mas não falo","Praticamente nulo","Às vezes","Muito","Pouco","Nunca","Nunca","Às vezes","Às vezes","Não leio","Não leio jormal","De 3 até 6","Ficção","Não","Espírita","Cinema;Filmes na internet;Música;TV","Indicação de familiar/amigo","Outros motivos","Obter novos conhecimentos","Conquistar vaga em empresa privada","Não","Sim, em uma ETEC","Carro","Não tem muito o que falar, sou um estudante que por conta da pandemia deixou de frequentar a faculdade. Estou tentando voltar a faculdade para me formar!"
"2021/08/28 10:39:35 AM GMT-3","Análise e Desenvolvimento de Sistemas (ADS)","Matutino","2113037","São Paulo (SP)","FRANCA","Masculino","2003-03-17","Solteiro(a)","Nenhuma","Nenhum","Com pais e(ou) parentes","4","Próprio","4 anos","Mais que 20 SM (R$20.000)","4","0","0","1","0","2","1","0","4","1","2","Sim","Sim","Sim","Não","Sim","Sou estagiário","Trabalho fora da área do curso","Manhã","Magazine luiza","Tenho e é um plano familiar","Pós-graduação","Ensino Superior","Sempre em escola pública","Muito","Sim","Sim","Não","Sim","Sim","Sim","Sim","Sim","Não","Sim","Muito","Muito","Intermediário","Muito","Muito","Muito","Pouco","Leio, escrevo e falo razoavelmente","Leio mas não escrevo nem falo","Praticamente nulo","Muito","Muito","Nunca","Nunca","Nunca","Muito","Muito","Não leio","Não leio jormal","De 3 até 6","Aventura","Sim","Evangélica","Cinema;Filmes na internet;Música;TV;Viagens","Indicação de familiar/amigo","Minha vocação é seguir esta carreira","Melhorar-me como pessoa para bons relacionamentos futuros","Abrir meu próprio negócio","Não","Sim, em outra instituição","Carro","Olá sou Victor Hugo Pasqual , meu sonho abrir meu proprio negocio na area de desenvolvimento, e talvez fora do pais "